id_venda,produto,quantidade,preco_unitario,data_venda
1,Camiseta,3,79.90,05/10/2027
2,Calça,2,99.90,05/10/2027
3,Cinto,1,49.90,05/10/2027
4,Tênis,1,699.90,05/10/2027
5,Sapato,1,499.50,05/10/2027
6,Bermuda,2,149.90,05/10/2027
7,Camiseta,3,79.90,06/10/2027
8,Calça,2,99.90,06/10/2027
9,blusa,1,49.90,06/10/2027
10,Sandália,1,699.90,06/10/2027
11,Sapato,1,499.50,06/10/2027
12,Bermuda,2,149.90,06/10/2027
13,Saia,3,49.90,07/10/2027
14,Calça,2,99.90,07/10/2027
15,Chapéu,1,49.90,07/10/2027
16,Tênis,1,699.90,07/10/2027
17,Meias,1,39.90,07/10/2027
18,Luvas,2,59.90,07/10/2027
19,Boné,1,199.00,07/10/2027
20,Bermuda,5,149.90,07/10/2027
